date,commit,java_loc,docs_loc,css_loc,total_loc
2025-10-19,e3c16a0,37375,8906,1280,47561
2025-10-21,d31133b,39373,12256,1280,52909
2025-10-24,3915c54,37958,14790,1281,54029
2025-10-25,20e8ed4,38812,15655,1281,55748
2025-10-28,4e9e0ef,40229,17073,1412,58714
2025-10-31,91cf007,41126,18720,1428,61274
2025-11-02,718f6f7,42151,23997,1428,67576
2025-11-08,b5dae31,42465,25831,1428,69724
2025-11-14,1bf8f19,40262,55516,1428,97206
2025-11-15,2cd9861,40297,58972,1428,100697
2025-11-20,c181de2,47350,60167,1428,108945
2025-11-23,1f9ad69,48345,60472,1428,110245
2025-11-29,49039fb,50243,61439,1428,113110
2025-12-02,c200bf1,51810,61482,1428,114720
2025-12-04,537cf4a,53007,62252,1428,116687
2025-12-05,01213b5,54101,63750,1428,119279
2025-12-07,dea0738,55227,66488,1428,123143
2025-12-08,5050970,56792,68502,1428,126722
2025-12-09,9bb3983,57747,70864,1428,130039
2025-12-10,06bea52,58900,71939,1428,132267
2025-12-13,eae7bd4,59794,74142,1428,135364
2025-12-17,1bfcebb,58077,74138,1428,133643
2025-12-25,9faea0d,59799,74384,1092,135275
2026-01-01,810af1e,62138,76114,1112,139364
2026-01-02,14bb273,63749,77438,1131,142318
2026-01-04,2e7814c,65278,80513,1139,146930
2026-01-07,951b2ed,67320,82060,1139,150519
2026-01-11,66ed35e,69079,84484,1139,154702
2026-01-13,ac80504,73304,90814,1139,165257
2026-01-15,0976883,77673,97122,1139,175934
2026-01-16,200dace,80884,99551,1139,181574
