ref,date,java_loc,docs_loc,css_loc,total_loc
15f25f22,2025-07-12,2178,21,77,2276
652d3045,2025-07-19,2598,41,77,2716
632babfb,2025-07-21,4427,340,77,4844
6a0944d9,2025-07-22,7988,994,77,9059
e1e4effd,2025-07-24,9722,1396,197,11315
bcc5b3c9,2025-07-25,12469,1555,214,14238
7ea939b4,2025-07-27,18000,2774,376,21150
7d3dd72d,2025-07-27,20294,2877,382,23553
cee6fdf7,2025-07-28,21119,3534,1040,25693
cc95a983,2025-07-28,28901,3996,1040,33937
c01fb868,2025-07-29,31166,4144,1040,36350
d10a5f54,2025-08-02,36333,5848,1124,43305
b158be3e,2025-08-03,36528,6211,1212,43951
d40a4e11,2025-08-04,37532,6350,1212,45094
31a3d51d,2025-08-04,39110,11484,1234,51828
1de262d7,2025-08-05,41580,11927,1234,54741
2cbcb792,2025-08-06,42866,12312,1251,56429
d9c6dcaf,2025-08-16,45720,12560,1251,59531
b4109e50,2025-08-17,46169,12805,1251,60225
5d6824d9,2025-08-20,49369,13263,1251,63883
